,seed,seed,MAPE,MAPE,NNSE,NNSE,WI,WI,R,R,R2,R2,KGE,KGE
,mean,std,mean,std,mean,std,mean,std,mean,std,mean,std,mean,std
model_name,,,,,,,,,,,,,,
ASGD-MLP,20.8,9.964381008817803,1.0,0.0,0.71173947759511,0.0012270933204780593,0.8620580235808347,0.0013684414405601326,0.7717341759445097,0.0015664573650845692,0.5949877611360066,0.002423891218131678,0.6919044426770976,0.005049717761027195
Adadelta-MLP,20.8,9.964381008817803,1.0,0.0,0.7350689486450367,0.0034710978283543155,0.8842103666961014,0.0034754499698834247,0.8032533097847955,0.0020871572002140355,0.6395559933955262,0.006448761745976893,0.7345169505047069,0.024792495770404894
Adagrad-MLP,20.8,9.964381008817803,1.0,0.0,0.7090823066222521,0.000970471142842905,0.8606312115602966,0.0008299005321690992,0.7683966196712428,0.0011916448385487777,0.5897241066854839,0.0019273653489180775,0.6917594047571854,0.0019516232669169553
Adam-MLP,20.8,9.964381008817803,1.0,0.0,0.7488312054892663,0.006055613749757284,0.8931825921781147,0.004314453902222766,0.8158971242283062,0.0066394305503393895,0.6645070964229111,0.010781928052931534,0.7516687654287558,0.012804381700187733
GD-MLP,20.8,9.964381008817803,1.0,0.0,0.4940995879777369,0.021462653842145643,0.24017726363699507,0.09853590720124847,0.07213019890872874,0.3345431645434633,-0.027238364762484923,0.08586693110813551,-0.27697190895242235,0.2556292227524273
RMSprop-MLP,20.8,9.964381008817803,1.0,0.0,0.7496856018898705,0.028295263634747193,0.8956419140905023,0.018348358800458788,0.833864288150231,0.0016464766164037523,0.6642901331306034,0.05352179113174442,0.7399730278778021,0.09796788262878019
