,seed,seed,AS,AS,PS,PS,RS,RS,F1S,F1S,SS,SS,NPV,NPV
,mean,std,mean,std,mean,std,mean,std,mean,std,mean,std,mean,std
model_name,,,,,,,,,,,,,,
ASGD-MLP,20.8,9.964381008817803,0.9182,0.0016644429609843786,0.8772842322337467,0.0025206510472668246,0.8779075425988312,0.002545568939612437,0.8772674287876796,0.0024877488510908078,0.9387372905865845,0.0012527264165152513,0.9386821382213603,0.0012730865682371874
Adadelta-MLP,20.8,9.964381008817803,0.9108666666666666,0.0020858133387124333,0.8665359416150208,0.003119931345208798,0.8669876752515251,0.0029404107784913396,0.8662401127319095,0.003033694639976518,0.933252620150135,0.0015353448276527568,0.9332751290876302,0.0016068356790866457
Adagrad-MLP,20.8,9.964381008817803,0.9186666666666667,0.001369869778437556,0.8778942620302199,0.0020651700893443005,0.8784855826939821,0.0021298805022777023,0.8779523812099548,0.002060620264348458,0.9390651631076026,0.0010411725301852544,0.9390057664819385,0.0010381485586377285
Adam-MLP,20.8,9.964381008817803,0.9122,0.003281824244283939,0.8684712239611729,0.004798757115838509,0.8691210500489748,0.004735780536661231,0.868258448905808,0.0049389971399567455,0.934285730704335,0.002414166323591623,0.9342637075577297,0.0023957021866436185
GD-MLP,20.8,9.964381008817803,0.5648,0.02135600646997654,0.2143073483355043,0.08933462984806533,0.3564952401522047,0.02887237907761918,0.22313241558623953,0.06964447255513027,0.6779200257479993,0.014285059534437324,0.6413443998566943,0.14003607863319353
RMSprop-MLP,20.8,9.964381008817803,0.9093333333333333,0.005067446333773935,0.8655403299510491,0.007344914004993722,0.8647160479392306,0.0076009116583574355,0.8638588136890591,0.0076491107810844165,0.9321058165819542,0.003809386064318752,0.9324243092236586,0.0037471952283645482
