,seed,seed,AS,AS,PS,PS,RS,RS,F1S,F1S,SS,SS,NPV,NPV
,mean,std,mean,std,mean,std,mean,std,mean,std,mean,std,mean,std
model_name,,,,,,,,,,,,,,
ASGD-MLP,20.8,9.964381008817803,0.9488888888888889,0.014998856838012381,0.943009768009768,0.014337777214399688,0.9148148148148149,0.024998094730020497,0.9192010514350668,0.024724965429769964,0.9596491228070176,0.0118412027668518,0.9673254281949933,0.008809934928972262
Adadelta-MLP,20.8,9.964381008817803,0.9888888888888889,0.011712139482104993,0.986111111111111,0.01464017435263141,0.9814814814814813,0.01952023247017528,0.9829497016197785,0.017972592555659934,0.9912280701754387,0.009246425906925024,0.9924242424242424,0.007985549646889896
Adagrad-MLP,20.8,9.964381008817803,0.9777777777777781,0.0,0.9722222222222221,0.0,0.9629629629629628,0.0,0.9658994032395569,0.0,0.9824561403508772,0.0,0.9848484848484848,0.0
Adam-MLP,20.8,9.964381008817803,0.9777777777777781,0.0,0.9722222222222221,0.0,0.9629629629629628,0.0,0.9658994032395569,0.0,0.9824561403508772,0.0,0.9848484848484848,0.0
GD-MLP,20.8,9.964381008817803,0.5822222222222222,0.07825251938515115,0.17203456328910047,0.11418877448913826,0.3648484848484848,0.10672901453024705,0.2277379957028527,0.12074215936372708,0.6842898913951545,0.05733145375746966,0.5692265276566546,0.17025003043540626
RMSprop-MLP,20.8,9.964381008817803,0.9844444444444445,0.010734353145325415,0.9800000000000001,0.013907395078161904,0.9747474747474747,0.01754937796982262,0.9761979543915202,0.016426327156565484,0.9878863826232248,0.008375078385866057,0.9892424242424243,0.0074381440658385645
