,seed,seed,MAPE,MAPE,NNSE,NNSE,WI,WI,R,R,R2,R2,KGE,KGE
,mean,std,mean,std,mean,std,mean,std,mean,std,mean,std,mean,std
model_name,,,,,,,,,,,,,,
ASGD-MLP,20.8,9.964381008817803,1.0,0.0,0.6844879845121457,0.03264006995609499,0.8318275880968258,0.031777892302971865,0.7326007418883043,0.04705499493703716,0.5360403149947464,0.07026330772506637,0.6414600907302821,0.05575465074461766
Adadelta-MLP,20.8,9.964381008817803,1.0,0.0,0.7603315952033205,0.02043762765132476,0.904391923046162,0.008939155711588403,0.8389756314991855,0.011450084685323663,0.6839249506031171,0.035539484858548985,0.7816353563143256,0.023469478692432082
Adagrad-MLP,20.8,9.964381008817803,1.0,0.0,0.7405475457161265,0.013971034710707271,0.8939183683967251,0.009563399569586415,0.8113319789942535,0.014850408913301466,0.6492150737132679,0.0254904350096218,0.7916889851854972,0.019327120368023386
Adam-MLP,20.8,9.964381008817803,1.0,0.0,0.7561026814141838,0.014018457070533674,0.9041054671424057,0.005053394746848876,0.8280582000720562,0.011342671009733818,0.6770191238262153,0.024524151837455408,0.8070724064726914,0.009213296812378003
GD-MLP,20.8,9.964381008817803,1.0,0.0,0.45796985136741686,0.05710477784716243,0.19050512085271845,0.10729858456821452,-0.10242234103319761,0.2584821949793004,-0.21838714387226998,0.31439189786264343,-0.3178888425435781,0.18967972875400235
RMSprop-MLP,20.8,9.964381008817803,1.0,0.0,0.8070656491850622,0.03204458053528091,0.9257074237353887,0.01672356150039912,0.8820767621561428,0.014956821077348673,0.7590631613572576,0.0526627339197351,0.8024282420110248,0.06376413334120165
