,seed,seed,AS,AS,PS,PS,RS,RS,F1S,F1S,SS,SS,NPV,NPV
,mean,std,mean,std,mean,std,mean,std,mean,std,mean,std,mean,std
model_name,,,,,,,,,,,,,,
ASGD-MLP,20.8,9.964381008817803,0.7095282146160962,0.0,0.3547641073080481,0.0,0.5,0.0,0.41504329004329,0.0,0.5,0.0,0.3547641073080481,0.0
Adadelta-MLP,20.8,9.964381008817803,0.7095282146160962,0.0,0.3547641073080481,0.0,0.5,0.0,0.41504329004329,0.0,0.5,0.0,0.3547641073080481,0.0
Adagrad-MLP,20.8,9.964381008817803,0.7095282146160962,0.0,0.3547641073080481,0.0,0.5,0.0,0.41504329004329,0.0,0.5,0.0,0.3547641073080481,0.0
Adam-MLP,20.8,9.964381008817803,0.7095282146160962,0.0,0.3547641073080481,0.0,0.5,0.0,0.41504329004329,0.0,0.5,0.0,0.3547641073080481,0.0
GD-MLP,20.8,9.964381008817803,0.542923219241443,0.21433744195503251,0.32069374543364154,0.1393699755629593,0.49704926132919225,0.013738584039947974,0.34910220668074887,0.09673604725302103,0.49704926132919225,0.013738584039947974,0.32069374543364154,0.1393699755629593
RMSprop-MLP,20.8,9.964381008817803,0.7095282146160962,0.0,0.3547641073080481,0.0,0.5,0.0,0.41504329004329,0.0,0.5,0.0,0.3547641073080481,0.0
