,seed,seed,MAPE,MAPE,NNSE,NNSE,WI,WI,R,R,R2,R2,KGE,KGE
,mean,std,mean,std,mean,std,mean,std,mean,std,mean,std,mean,std
model_name,,,,,,,,,,,,,,
ASGD-MLP,20.8,9.964381008817803,0.5743477417584284,0.008039158963778381,0.6478487444010399,0.002870426713595742,0.8022951409401868,0.003468324350373959,0.6808100770208014,0.003679368666611124,0.45640265269816993,0.0068141557812152545,0.5979127026314521,0.007557617320939863
Adadelta-MLP,20.8,9.964381008817803,0.5824956929411642,0.03750436305164909,0.6578260813074175,0.01068736288825007,0.8119765001122413,0.012330393777805876,0.7010294396084733,0.01679317024175067,0.4794821512681205,0.024569972227726795,0.5981572466206361,0.01730264041037248
Adagrad-MLP,20.8,9.964381008817803,0.5733084733664023,0.005135770040531114,0.6484427195803577,0.0023426299829633697,0.8025076419576627,0.0026503190888246073,0.6813637894477571,0.00371803384935532,0.4578255659222307,0.005589288945313484,0.5976132996986208,0.008386209502872395
Adam-MLP,20.8,9.964381008817803,0.5634796243113187,0.016905156498864513,0.6575175879291942,0.011036395079520383,0.8108325318078851,0.011740244088068473,0.6972274592085659,0.016274016074555288,0.47874860739832686,0.025125496299062165,0.6086842485336661,0.015282481104329117
GD-MLP,20.8,9.964381008817803,0.9153356411979401,0.08570315892353174,0.5245173840419609,0.032495830867227966,0.42707723468957914,0.12442804082878117,0.3285241735481523,0.2000097141565626,0.08679444889073037,0.12007094608172596,0.01684014532670105,0.17511723454963854
RMSprop-MLP,20.8,9.964381008817803,0.5852481071396063,0.0597002245009073,0.652092277960536,0.008474732213688406,0.8073431730990327,0.012516677387379906,0.6989050499410845,0.01139241457274453,0.46624297826146854,0.01981350520183248,0.5927123724045785,0.03453069139201459
