,seed,seed,AS,AS,PS,PS,RS,RS,F1S,F1S,SS,SS,NPV,NPV
,mean,std,mean,std,mean,std,mean,std,mean,std,mean,std,mean,std
model_name,,,,,,,,,,,,,,
ASGD-MLP,20.8,9.964381008817803,0.8620900346893723,0.0,0.43104501734468614,0.0,0.5,0.0,0.4629690394284201,0.0,0.5,0.0,0.43104501734468614,0.0
Adadelta-MLP,20.8,9.964381008817803,0.8620900346893723,0.0,0.43104501734468614,0.0,0.5,0.0,0.4629690394284201,0.0,0.5,0.0,0.43104501734468614,0.0
Adagrad-MLP,20.8,9.964381008817803,0.8620900346893723,0.0,0.43104501734468614,0.0,0.5,0.0,0.4629690394284201,0.0,0.5,0.0,0.43104501734468614,0.0
Adam-MLP,20.8,9.964381008817803,0.8620900346893723,0.0,0.43104501734468614,0.0,0.5,0.0,0.4629690394284201,0.0,0.5,0.0,0.43104501734468614,0.0
GD-MLP,20.8,9.964381008817803,0.5665917691579943,0.36908740380984045,0.31175501747808243,0.2138255627017862,0.5046525777821651,0.014398365446251914,0.33756718722012763,0.18809436214039854,0.5046525777821651,0.014398365446251914,0.31175501747808243,0.2138255627017862
RMSprop-MLP,20.8,9.964381008817803,0.8620900346893723,0.0,0.43104501734468614,0.0,0.5,0.0,0.4629690394284201,0.0,0.5,0.0,0.43104501734468614,0.0
