,seed,seed,AS,AS,PS,PS,RS,RS,F1S,F1S,SS,SS,NPV,NPV
,mean,std,mean,std,mean,std,mean,std,mean,std,mean,std,mean,std
model_name,,,,,,,,,,,,,,
ASGD-MLP,20.8,9.964381008817803,0.924600117812316,0.0,0.46230005890615794,0.0,0.5,0.0,0.4804115458868955,0.0,0.5,0.0,0.46230005890615794,0.0
Adadelta-MLP,20.8,9.964381008817803,0.924600117812316,0.0,0.46230005890615794,0.0,0.5,0.0,0.4804115458868955,0.0,0.5,0.0,0.46230005890615794,0.0
Adagrad-MLP,20.8,9.964381008817803,0.924600117812316,0.0,0.46230005890615794,0.0,0.5,0.0,0.4804115458868955,0.0,0.5,0.0,0.46230005890615794,0.0
Adam-MLP,20.8,9.964381008817803,0.924600117812316,0.0,0.46230005890615794,0.0,0.5,0.0,0.4804115458868955,0.0,0.5,0.0,0.46230005890615794,0.0
GD-MLP,20.8,9.964381008817803,0.6533372604105306,0.38606996302144114,0.39708534968082976,0.19136957532404714,0.5086278521007295,0.018444390237904944,0.36660003517866413,0.18370933340766604,0.5086278521007295,0.018444390237904944,0.39708534968082976,0.19136957532404714
RMSprop-MLP,20.8,9.964381008817803,0.924600117812316,0.0,0.46230005890615794,0.0,0.5,0.0,0.4804115458868955,0.0,0.5,0.0,0.46230005890615794,0.0
